-- MariaDB dump 10.19  Distrib 10.4.28-MariaDB, for Win64 (AMD64)
--
-- Host: localhost    Database: botica
-- ------------------------------------------------------
-- Server version	10.4.28-MariaDB

/*!40101 SET @OLD_CHARACTER_SET_CLIENT=@@CHARACTER_SET_CLIENT */;
/*!40101 SET @OLD_CHARACTER_SET_RESULTS=@@CHARACTER_SET_RESULTS */;
/*!40101 SET @OLD_COLLATION_CONNECTION=@@COLLATION_CONNECTION */;
/*!40101 SET NAMES utf8mb4 */;
/*!40103 SET @OLD_TIME_ZONE=@@TIME_ZONE */;
/*!40103 SET TIME_ZONE='+00:00' */;
/*!40014 SET @OLD_UNIQUE_CHECKS=@@UNIQUE_CHECKS, UNIQUE_CHECKS=0 */;
/*!40014 SET @OLD_FOREIGN_KEY_CHECKS=@@FOREIGN_KEY_CHECKS, FOREIGN_KEY_CHECKS=0 */;
/*!40101 SET @OLD_SQL_MODE=@@SQL_MODE, SQL_MODE='NO_AUTO_VALUE_ON_ZERO' */;
/*!40111 SET @OLD_SQL_NOTES=@@SQL_NOTES, SQL_NOTES=0 */;

--
-- Table structure for table `carrito`
--

DROP TABLE IF EXISTS `carrito`;
/*!40101 SET @saved_cs_client     = @@character_set_client */;
/*!40101 SET character_set_client = utf8 */;
CREATE TABLE `carrito` (
  `id_usuario` int(11) NOT NULL,
  `id_producto` int(11) NOT NULL,
  `cantidad` int(11) NOT NULL DEFAULT 1,
  PRIMARY KEY (`id_usuario`,`id_producto`),
  KEY `id_producto` (`id_producto`),
  CONSTRAINT `carrito_ibfk_1` FOREIGN KEY (`id_usuario`) REFERENCES `usuarios` (`id`),
  CONSTRAINT `carrito_ibfk_2` FOREIGN KEY (`id_producto`) REFERENCES `productos` (`id`)
) ENGINE=InnoDB DEFAULT CHARSET=utf8mb4 COLLATE=utf8mb4_general_ci;
/*!40101 SET character_set_client = @saved_cs_client */;

--
-- Dumping data for table `carrito`
--

LOCK TABLES `carrito` WRITE;
/*!40000 ALTER TABLE `carrito` DISABLE KEYS */;
/*!40000 ALTER TABLE `carrito` ENABLE KEYS */;
UNLOCK TABLES;

--
-- Table structure for table `detalle_venta`
--

DROP TABLE IF EXISTS `detalle_venta`;
/*!40101 SET @saved_cs_client     = @@character_set_client */;
/*!40101 SET character_set_client = utf8 */;
CREATE TABLE `detalle_venta` (
  `id` int(11) NOT NULL AUTO_INCREMENT,
  `id_venta` int(11) NOT NULL,
  `id_producto` int(11) NOT NULL,
  `cantidad` int(11) NOT NULL,
  `precio_unitario` decimal(10,2) NOT NULL,
  PRIMARY KEY (`id`),
  KEY `id_venta` (`id_venta`),
  KEY `id_producto` (`id_producto`),
  CONSTRAINT `detalle_venta_ibfk_1` FOREIGN KEY (`id_venta`) REFERENCES `ventas` (`id`),
  CONSTRAINT `detalle_venta_ibfk_2` FOREIGN KEY (`id_producto`) REFERENCES `productos` (`id`)
) ENGINE=InnoDB AUTO_INCREMENT=15 DEFAULT CHARSET=utf8mb4 COLLATE=utf8mb4_general_ci;
/*!40101 SET character_set_client = @saved_cs_client */;

--
-- Dumping data for table `detalle_venta`
--

LOCK TABLES `detalle_venta` WRITE;
/*!40000 ALTER TABLE `detalle_venta` DISABLE KEYS */;
/*!40000 ALTER TABLE `detalle_venta` ENABLE KEYS */;
UNLOCK TABLES;

--
-- Table structure for table `detalle_ventas`
--

DROP TABLE IF EXISTS `detalle_ventas`;
/*!40101 SET @saved_cs_client     = @@character_set_client */;
/*!40101 SET character_set_client = utf8 */;
CREATE TABLE `detalle_ventas` (
  `id` int(11) NOT NULL AUTO_INCREMENT,
  `id_venta` int(11) NOT NULL,
  `id_producto` int(11) NOT NULL,
  `cantidad` int(11) NOT NULL,
  `precio_unitario` decimal(10,2) NOT NULL,
  PRIMARY KEY (`id`),
  KEY `id_venta` (`id_venta`),
  KEY `id_producto` (`id_producto`)
) ENGINE=InnoDB AUTO_INCREMENT=28 DEFAULT CHARSET=utf8mb4 COLLATE=utf8mb4_general_ci;
/*!40101 SET character_set_client = @saved_cs_client */;

--
-- Dumping data for table `detalle_ventas`
--

LOCK TABLES `detalle_ventas` WRITE;
/*!40000 ALTER TABLE `detalle_ventas` DISABLE KEYS */;
INSERT INTO `detalle_ventas` VALUES (12,16,11,1,22.00),(13,16,15,1,25.00),(14,16,20,1,14.00),(15,17,2,1,5.00),(16,17,4,1,12.00),(17,17,11,1,22.00),(18,17,19,1,18.00),(19,18,2,1,5.00),(20,18,11,3,22.00),(21,18,13,1,15.00),(22,19,15,2,25.00),(23,19,20,3,14.00),(24,20,15,1,25.00),(25,20,19,1,18.00),(26,20,20,1,14.00),(27,21,11,3,22.00);
/*!40000 ALTER TABLE `detalle_ventas` ENABLE KEYS */;
UNLOCK TABLES;

--
-- Table structure for table `historial_stock`
--

DROP TABLE IF EXISTS `historial_stock`;
/*!40101 SET @saved_cs_client     = @@character_set_client */;
/*!40101 SET character_set_client = utf8 */;
CREATE TABLE `historial_stock` (
  `id` int(11) NOT NULL AUTO_INCREMENT,
  `id_producto` int(11) NOT NULL,
  `tipo_movimiento` enum('entrada','salida','venta') NOT NULL,
  `cantidad` int(11) NOT NULL,
  `fecha` datetime DEFAULT current_timestamp(),
  PRIMARY KEY (`id`),
  KEY `id_producto` (`id_producto`),
  CONSTRAINT `historial_stock_ibfk_1` FOREIGN KEY (`id_producto`) REFERENCES `productos` (`id`)
) ENGINE=InnoDB AUTO_INCREMENT=20 DEFAULT CHARSET=utf8mb4 COLLATE=utf8mb4_general_ci;
/*!40101 SET character_set_client = @saved_cs_client */;

--
-- Dumping data for table `historial_stock`
--

LOCK TABLES `historial_stock` WRITE;
/*!40000 ALTER TABLE `historial_stock` DISABLE KEYS */;
/*!40000 ALTER TABLE `historial_stock` ENABLE KEYS */;
UNLOCK TABLES;

--
-- Table structure for table `logs`
--

DROP TABLE IF EXISTS `logs`;
/*!40101 SET @saved_cs_client     = @@character_set_client */;
/*!40101 SET character_set_client = utf8 */;
CREATE TABLE `logs` (
  `id` int(11) NOT NULL AUTO_INCREMENT,
  `id_usuario` int(11) DEFAULT NULL,
  `tipo_evento` enum('login','logout','registro','venta','carrito','producto','usuario','error') NOT NULL,
  `descripcion` text NOT NULL,
  `ip_address` varchar(45) DEFAULT NULL,
  `user_agent` varchar(255) DEFAULT NULL,
  `fecha` datetime DEFAULT current_timestamp(),
  `nivel` enum('info','warning','error') DEFAULT 'info',
  PRIMARY KEY (`id`),
  KEY `id_usuario` (`id_usuario`),
  KEY `tipo_evento` (`tipo_evento`),
  KEY `nivel` (`nivel`),
  KEY `fecha` (`fecha`),
  KEY `idx_logs_fecha_tipo` (`fecha`,`tipo_evento`),
  KEY `idx_logs_usuario_fecha` (`id_usuario`,`fecha`),
  CONSTRAINT `logs_ibfk_1` FOREIGN KEY (`id_usuario`) REFERENCES `usuarios` (`id`) ON DELETE SET NULL
) ENGINE=InnoDB AUTO_INCREMENT=223 DEFAULT CHARSET=utf8mb4 COLLATE=utf8mb4_general_ci;
/*!40101 SET character_set_client = @saved_cs_client */;

--
-- Dumping data for table `logs`
--

LOCK TABLES `logs` WRITE;
/*!40000 ALTER TABLE `logs` DISABLE KEYS */;
INSERT INTO `logs` VALUES (1,12,'login','Login exitoso para usuario: GA','::1','Mozilla/5.0 (Windows NT 10.0; Win64; x64) AppleWebKit/537.36 (KHTML, like Gecko) Chrome/142.0.0.0 Safari/537.36 Edg/142.0.0.0','2025-11-28 21:58:09','info'),(2,12,'logout','Logout de usuario: GA','::1','Mozilla/5.0 (Windows NT 10.0; Win64; x64) AppleWebKit/537.36 (KHTML, like Gecko) Chrome/142.0.0.0 Safari/537.36 Edg/142.0.0.0','2025-11-28 21:58:24','info'),(3,9,'login','Login exitoso para usuario: PEPE','::1','Mozilla/5.0 (Windows NT 10.0; Win64; x64) AppleWebKit/537.36 (KHTML, like Gecko) Chrome/142.0.0.0 Safari/537.36 Edg/142.0.0.0','2025-11-28 21:58:29','info'),(4,9,'logout','Logout de usuario: PEPE','::1','Mozilla/5.0 (Windows NT 10.0; Win64; x64) AppleWebKit/537.36 (KHTML, like Gecko) Chrome/142.0.0.0 Safari/537.36 Edg/142.0.0.0','2025-11-28 21:58:31','info'),(5,12,'login','Login exitoso para usuario: GA','::1','Mozilla/5.0 (Windows NT 10.0; Win64; x64) AppleWebKit/537.36 (KHTML, like Gecko) Chrome/142.0.0.0 Safari/537.36 Edg/142.0.0.0','2025-11-28 21:58:35','info'),(6,12,'logout','Logout de usuario: GA','::1','Mozilla/5.0 (Windows NT 10.0; Win64; x64) AppleWebKit/537.36 (KHTML, like Gecko) Chrome/142.0.0.0 Safari/537.36 Edg/142.0.0.0','2025-11-28 22:12:37','info'),(7,NULL,'login','Intento de login fallido para usuario: admin','::1','Mozilla/5.0 (Windows NT 10.0; Win64; x64) AppleWebKit/537.36 (KHTML, like Gecko) Chrome/142.0.0.0 Safari/537.36 Edg/142.0.0.0','2025-11-28 22:33:02','warning'),(8,NULL,'login','Intento de login fallido para usuario: ga','::1','Mozilla/5.0 (Windows NT 10.0; Win64; x64) AppleWebKit/537.36 (KHTML, like Gecko) Chrome/142.0.0.0 Safari/537.36 Edg/142.0.0.0','2025-11-28 22:34:36','warning'),(9,12,'login','Login exitoso para usuario: GA','::1','Mozilla/5.0 (Windows NT 10.0; Win64; x64) AppleWebKit/537.36 (KHTML, like Gecko) Chrome/142.0.0.0 Safari/537.36 Edg/142.0.0.0','2025-11-28 22:34:40','info'),(10,12,'logout','Logout de usuario: GA','::1','Mozilla/5.0 (Windows NT 10.0; Win64; x64) AppleWebKit/537.36 (KHTML, like Gecko) Chrome/142.0.0.0 Safari/537.36 Edg/142.0.0.0','2025-11-28 22:35:22','info'),(11,9,'login','Login exitoso para usuario: PEPE','::1','Mozilla/5.0 (Windows NT 10.0; Win64; x64) AppleWebKit/537.36 (KHTML, like Gecko) Chrome/142.0.0.0 Safari/537.36 Edg/142.0.0.0','2025-11-28 22:35:28','info'),(12,9,'logout','Logout de usuario: PEPE','::1','Mozilla/5.0 (Windows NT 10.0; Win64; x64) AppleWebKit/537.36 (KHTML, like Gecko) Chrome/142.0.0.0 Safari/537.36 Edg/142.0.0.0','2025-11-28 22:35:40','info'),(13,10,'login','Login exitoso para usuario: PAPA','::1','Mozilla/5.0 (Windows NT 10.0; Win64; x64) AppleWebKit/537.36 (KHTML, like Gecko) Chrome/142.0.0.0 Safari/537.36 Edg/142.0.0.0','2025-11-28 22:35:45','info'),(14,10,'logout','Logout de usuario: PAPA','::1','Mozilla/5.0 (Windows NT 10.0; Win64; x64) AppleWebKit/537.36 (KHTML, like Gecko) Chrome/142.0.0.0 Safari/537.36 Edg/142.0.0.0','2025-11-28 22:36:32','info'),(15,NULL,'login','Intento de login fallido para usuario: admin','::1','Mozilla/5.0 (Windows NT 10.0; Win64; x64) AppleWebKit/537.36 (KHTML, like Gecko) Chrome/142.0.0.0 Safari/537.36 Edg/142.0.0.0','2025-11-28 22:36:33','warning'),(16,NULL,'login','Intento de login fallido para usuario: admin','::1','Mozilla/5.0 (Windows NT 10.0; Win64; x64) AppleWebKit/537.36 (KHTML, like Gecko) Chrome/142.0.0.0 Safari/537.36 Edg/142.0.0.0','2025-11-28 22:36:38','warning'),(17,NULL,'login','Intento de login fallido para usuario: ga','::1','Mozilla/5.0 (Windows NT 10.0; Win64; x64) AppleWebKit/537.36 (KHTML, like Gecko) Chrome/142.0.0.0 Safari/537.36 Edg/142.0.0.0','2025-11-28 22:36:43','warning'),(18,12,'login','Login exitoso para usuario: GA','::1','Mozilla/5.0 (Windows NT 10.0; Win64; x64) AppleWebKit/537.36 (KHTML, like Gecko) Chrome/142.0.0.0 Safari/537.36 Edg/142.0.0.0','2025-11-28 22:36:47','info'),(19,12,'logout','Logout de usuario: GA','::1','Mozilla/5.0 (Windows NT 10.0; Win64; x64) AppleWebKit/537.36 (KHTML, like Gecko) Chrome/142.0.0.0 Safari/537.36 Edg/142.0.0.0','2025-11-28 22:37:44','info'),(20,9,'login','Login exitoso para usuario: PEPE','::1','Mozilla/5.0 (Windows NT 10.0; Win64; x64) AppleWebKit/537.36 (KHTML, like Gecko) Chrome/142.0.0.0 Safari/537.36 Edg/142.0.0.0','2025-11-28 22:39:57','info'),(21,9,'logout','Logout de usuario: PEPE','::1','Mozilla/5.0 (Windows NT 10.0; Win64; x64) AppleWebKit/537.36 (KHTML, like Gecko) Chrome/142.0.0.0 Safari/537.36 Edg/142.0.0.0','2025-11-28 22:41:28','info'),(22,10,'login','Login exitoso para usuario: PAPA','::1','Mozilla/5.0 (Windows NT 10.0; Win64; x64) AppleWebKit/537.36 (KHTML, like Gecko) Chrome/142.0.0.0 Safari/537.36 Edg/142.0.0.0','2025-11-28 22:41:40','info'),(23,10,'logout','Logout de usuario: PAPA','::1','Mozilla/5.0 (Windows NT 10.0; Win64; x64) AppleWebKit/537.36 (KHTML, like Gecko) Chrome/142.0.0.0 Safari/537.36 Edg/142.0.0.0','2025-11-28 22:45:48','info'),(24,12,'login','Login exitoso para usuario: GA','::1','Mozilla/5.0 (Windows NT 10.0; Win64; x64) AppleWebKit/537.36 (KHTML, like Gecko) Chrome/142.0.0.0 Safari/537.36 Edg/142.0.0.0','2025-11-28 22:45:56','info'),(25,12,'logout','Logout de usuario: GA','::1','Mozilla/5.0 (Windows NT 10.0; Win64; x64) AppleWebKit/537.36 (KHTML, like Gecko) Chrome/142.0.0.0 Safari/537.36 Edg/142.0.0.0','2025-11-28 22:48:23','info'),(26,NULL,'login','Intento de login fallido para usuario: pepe','::1','Mozilla/5.0 (Windows NT 10.0; Win64; x64) AppleWebKit/537.36 (KHTML, like Gecko) Chrome/142.0.0.0 Safari/537.36 Edg/142.0.0.0','2025-11-28 22:48:29','warning'),(27,9,'login','Login exitoso para usuario: PEPE','::1','Mozilla/5.0 (Windows NT 10.0; Win64; x64) AppleWebKit/537.36 (KHTML, like Gecko) Chrome/142.0.0.0 Safari/537.36 Edg/142.0.0.0','2025-11-28 22:48:34','info'),(28,9,'logout','Logout de usuario: PEPE','::1','Mozilla/5.0 (Windows NT 10.0; Win64; x64) AppleWebKit/537.36 (KHTML, like Gecko) Chrome/142.0.0.0 Safari/537.36 Edg/142.0.0.0','2025-11-28 22:48:47','info'),(29,10,'login','Login exitoso para usuario: PAPA','::1','Mozilla/5.0 (Windows NT 10.0; Win64; x64) AppleWebKit/537.36 (KHTML, like Gecko) Chrome/142.0.0.0 Safari/537.36 Edg/142.0.0.0','2025-11-28 22:48:53','info'),(30,10,'logout','Logout de usuario: PAPA','::1','Mozilla/5.0 (Windows NT 10.0; Win64; x64) AppleWebKit/537.36 (KHTML, like Gecko) Chrome/142.0.0.0 Safari/537.36 Edg/142.0.0.0','2025-11-28 22:49:09','info'),(31,12,'login','Login exitoso para usuario: GA','::1','Mozilla/5.0 (Windows NT 10.0; Win64; x64) AppleWebKit/537.36 (KHTML, like Gecko) Chrome/142.0.0.0 Safari/537.36 Edg/142.0.0.0','2025-11-30 18:56:53','info'),(32,12,'logout','Logout de usuario: GA','::1','Mozilla/5.0 (Windows NT 10.0; Win64; x64) AppleWebKit/537.36 (KHTML, like Gecko) Chrome/142.0.0.0 Safari/537.36 Edg/142.0.0.0','2025-11-30 18:57:19','info'),(33,9,'login','Login exitoso para usuario: PEPE','::1','Mozilla/5.0 (Windows NT 10.0; Win64; x64) AppleWebKit/537.36 (KHTML, like Gecko) Chrome/142.0.0.0 Safari/537.36 Edg/142.0.0.0','2025-11-30 18:57:26','info'),(34,9,'logout','Logout de usuario: PEPE','::1','Mozilla/5.0 (Windows NT 10.0; Win64; x64) AppleWebKit/537.36 (KHTML, like Gecko) Chrome/142.0.0.0 Safari/537.36 Edg/142.0.0.0','2025-11-30 19:05:19','info'),(35,12,'login','Login exitoso para usuario: GA','::1','Mozilla/5.0 (Windows NT 10.0; Win64; x64) AppleWebKit/537.36 (KHTML, like Gecko) Chrome/142.0.0.0 Safari/537.36 Edg/142.0.0.0','2025-11-30 19:05:26','info'),(36,12,'venta','Venta registrada - ID: 16, Total: S/ 61','::1','Mozilla/5.0 (Windows NT 10.0; Win64; x64) AppleWebKit/537.36 (KHTML, like Gecko) Chrome/142.0.0.0 Safari/537.36 Edg/142.0.0.0','2025-11-30 19:05:44','info'),(37,12,'logout','Logout de usuario: GA','::1','Mozilla/5.0 (Windows NT 10.0; Win64; x64) AppleWebKit/537.36 (KHTML, like Gecko) Chrome/142.0.0.0 Safari/537.36 Edg/142.0.0.0','2025-11-30 19:07:43','info'),(38,9,'login','Login exitoso para usuario: PEPE','::1','Mozilla/5.0 (Windows NT 10.0; Win64; x64) AppleWebKit/537.36 (KHTML, like Gecko) Chrome/142.0.0.0 Safari/537.36 Edg/142.0.0.0','2025-11-30 19:07:49','info'),(39,9,'venta','Venta registrada - ID: 17, Total: S/ 57','::1','Mozilla/5.0 (Windows NT 10.0; Win64; x64) AppleWebKit/537.36 (KHTML, like Gecko) Chrome/142.0.0.0 Safari/537.36 Edg/142.0.0.0','2025-11-30 19:08:18','info'),(40,9,'logout','Logout de usuario: PEPE','::1','Mozilla/5.0 (Windows NT 10.0; Win64; x64) AppleWebKit/537.36 (KHTML, like Gecko) Chrome/142.0.0.0 Safari/537.36 Edg/142.0.0.0','2025-11-30 19:08:46','info'),(41,NULL,'login','Intento de login fallido para usuario: admin','::1','Mozilla/5.0 (Windows NT 10.0; Win64; x64) AppleWebKit/537.36 (KHTML, like Gecko) Chrome/142.0.0.0 Safari/537.36 Edg/142.0.0.0','2025-11-30 19:08:48','warning'),(42,10,'login','Login exitoso para usuario: PAPA','::1','Mozilla/5.0 (Windows NT 10.0; Win64; x64) AppleWebKit/537.36 (KHTML, like Gecko) Chrome/142.0.0.0 Safari/537.36 Edg/142.0.0.0','2025-11-30 19:08:56','info'),(43,10,'venta','Venta registrada - ID: 18, Total: S/ 86','::1','Mozilla/5.0 (Windows NT 10.0; Win64; x64) AppleWebKit/537.36 (KHTML, like Gecko) Chrome/142.0.0.0 Safari/537.36 Edg/142.0.0.0','2025-11-30 19:09:15','info'),(44,10,'logout','Logout de usuario: PAPA','::1','Mozilla/5.0 (Windows NT 10.0; Win64; x64) AppleWebKit/537.36 (KHTML, like Gecko) Chrome/142.0.0.0 Safari/537.36 Edg/142.0.0.0','2025-11-30 19:11:04','info'),(45,12,'login','Login exitoso para usuario: GA','::1','Mozilla/5.0 (Windows NT 10.0; Win64; x64) AppleWebKit/537.36 (KHTML, like Gecko) Chrome/142.0.0.0 Safari/537.36 Edg/142.0.0.0','2025-11-30 19:11:08','info'),(46,12,'logout','Logout de usuario: GA','::1','Mozilla/5.0 (Windows NT 10.0; Win64; x64) AppleWebKit/537.36 (KHTML, like Gecko) Chrome/142.0.0.0 Safari/537.36 Edg/142.0.0.0','2025-11-30 19:12:25','info'),(47,12,'login','Login exitoso para usuario: GA','::1','Mozilla/5.0 (Windows NT 10.0; Win64; x64) AppleWebKit/537.36 (KHTML, like Gecko) Chrome/142.0.0.0 Safari/537.36 Edg/142.0.0.0','2025-11-30 19:12:29','info'),(48,12,'logout','Logout de usuario: GA','::1','Mozilla/5.0 (Windows NT 10.0; Win64; x64) AppleWebKit/537.36 (KHTML, like Gecko) Chrome/142.0.0.0 Safari/537.36 Edg/142.0.0.0','2025-11-30 19:14:43','info'),(49,12,'login','Login exitoso para usuario: GA','::1','Mozilla/5.0 (Windows NT 10.0; Win64; x64) AppleWebKit/537.36 (KHTML, like Gecko) Chrome/142.0.0.0 Safari/537.36 Edg/142.0.0.0','2025-11-30 19:14:47','info'),(50,12,'logout','Logout de usuario: GA','::1','Mozilla/5.0 (Windows NT 10.0; Win64; x64) AppleWebKit/537.36 (KHTML, like Gecko) Chrome/142.0.0.0 Safari/537.36 Edg/142.0.0.0','2025-11-30 19:15:14','info'),(51,10,'login','Login exitoso para usuario: PAPA','::1','Mozilla/5.0 (Windows NT 10.0; Win64; x64) AppleWebKit/537.36 (KHTML, like Gecko) Chrome/142.0.0.0 Safari/537.36 Edg/142.0.0.0','2025-11-30 19:15:20','info'),(52,10,'logout','Logout de usuario: PAPA','::1','Mozilla/5.0 (Windows NT 10.0; Win64; x64) AppleWebKit/537.36 (KHTML, like Gecko) Chrome/142.0.0.0 Safari/537.36 Edg/142.0.0.0','2025-11-30 19:15:46','info'),(53,9,'login','Login exitoso para usuario: PEPE','::1','Mozilla/5.0 (Windows NT 10.0; Win64; x64) AppleWebKit/537.36 (KHTML, like Gecko) Chrome/142.0.0.0 Safari/537.36 Edg/142.0.0.0','2025-11-30 19:15:51','info'),(54,9,'logout','Logout de usuario: PEPE','::1','Mozilla/5.0 (Windows NT 10.0; Win64; x64) AppleWebKit/537.36 (KHTML, like Gecko) Chrome/142.0.0.0 Safari/537.36 Edg/142.0.0.0','2025-11-30 19:16:24','info'),(55,12,'login','Login exitoso para usuario: GA','::1','Mozilla/5.0 (Windows NT 10.0; Win64; x64) AppleWebKit/537.36 (KHTML, like Gecko) Chrome/142.0.0.0 Safari/537.36 Edg/142.0.0.0','2025-11-30 19:16:29','info'),(56,12,'logout','Logout de usuario: GA','::1','Mozilla/5.0 (Windows NT 10.0; Win64; x64) AppleWebKit/537.36 (KHTML, like Gecko) Chrome/142.0.0.0 Safari/537.36 Edg/142.0.0.0','2025-11-30 19:23:12','info'),(57,10,'login','Login exitoso para usuario: PAPA','::1','Mozilla/5.0 (Windows NT 10.0; Win64; x64) AppleWebKit/537.36 (KHTML, like Gecko) Chrome/142.0.0.0 Safari/537.36 Edg/142.0.0.0','2025-11-30 19:23:21','info'),(58,10,'logout','Logout de usuario: PAPA','::1','Mozilla/5.0 (Windows NT 10.0; Win64; x64) AppleWebKit/537.36 (KHTML, like Gecko) Chrome/142.0.0.0 Safari/537.36 Edg/142.0.0.0','2025-11-30 19:28:36','info'),(59,9,'login','Login exitoso para usuario: PEPE','::1','Mozilla/5.0 (Windows NT 10.0; Win64; x64) AppleWebKit/537.36 (KHTML, like Gecko) Chrome/142.0.0.0 Safari/537.36 Edg/142.0.0.0','2025-11-30 19:30:17','info'),(60,9,'logout','Logout de usuario: PEPE','::1','Mozilla/5.0 (Windows NT 10.0; Win64; x64) AppleWebKit/537.36 (KHTML, like Gecko) Chrome/142.0.0.0 Safari/537.36 Edg/142.0.0.0','2025-11-30 19:30:18','info'),(61,10,'login','Login exitoso para usuario: PAPA','::1','Mozilla/5.0 (Windows NT 10.0; Win64; x64) AppleWebKit/537.36 (KHTML, like Gecko) Chrome/142.0.0.0 Safari/537.36 Edg/142.0.0.0','2025-11-30 19:30:23','info'),(62,10,'venta','Venta registrada - ID: 19, Total: S/ 92','::1','Mozilla/5.0 (Windows NT 10.0; Win64; x64) AppleWebKit/537.36 (KHTML, like Gecko) Chrome/142.0.0.0 Safari/537.36 Edg/142.0.0.0','2025-11-30 19:30:42','info'),(63,10,'venta','Venta registrada - ID: 20, Total: S/ 57','::1','Mozilla/5.0 (Windows NT 10.0; Win64; x64) AppleWebKit/537.36 (KHTML, like Gecko) Chrome/142.0.0.0 Safari/537.36 Edg/142.0.0.0','2025-11-30 19:31:04','info'),(64,10,'logout','Logout de usuario: PAPA','::1','Mozilla/5.0 (Windows NT 10.0; Win64; x64) AppleWebKit/537.36 (KHTML, like Gecko) Chrome/142.0.0.0 Safari/537.36 Edg/142.0.0.0','2025-11-30 19:31:46','info'),(65,NULL,'login','Intento de login fallido para usuario: admin','::1','Mozilla/5.0 (Windows NT 10.0; Win64; x64) AppleWebKit/537.36 (KHTML, like Gecko) Chrome/142.0.0.0 Safari/537.36 Edg/142.0.0.0','2025-11-30 19:37:40','warning'),(66,NULL,'login','Intento de login fallido para usuario: admin','::1','Mozilla/5.0 (Windows NT 10.0; Win64; x64) AppleWebKit/537.36 (KHTML, like Gecko) Chrome/142.0.0.0 Safari/537.36 Edg/142.0.0.0','2025-11-30 19:37:46','warning'),(67,NULL,'login','Intento de login fallido para usuario: admin','::1','Mozilla/5.0 (Windows NT 10.0; Win64; x64) AppleWebKit/537.36 (KHTML, like Gecko) Chrome/142.0.0.0 Safari/537.36 Edg/142.0.0.0','2025-11-30 19:37:58','warning'),(68,9,'login','Login exitoso para usuario: PEPE','::1','Mozilla/5.0 (Windows NT 10.0; Win64; x64) AppleWebKit/537.36 (KHTML, like Gecko) Chrome/142.0.0.0 Safari/537.36 Edg/142.0.0.0','2025-11-30 19:38:24','info'),(69,9,'logout','Logout de usuario: PEPE','::1','Mozilla/5.0 (Windows NT 10.0; Win64; x64) AppleWebKit/537.36 (KHTML, like Gecko) Chrome/142.0.0.0 Safari/537.36 Edg/142.0.0.0','2025-11-30 19:38:48','info'),(70,12,'login','Login exitoso para usuario: GA','::1','Mozilla/5.0 (Windows NT 10.0; Win64; x64) AppleWebKit/537.36 (KHTML, like Gecko) Chrome/142.0.0.0 Safari/537.36 Edg/142.0.0.0','2025-11-30 19:38:53','info'),(71,12,'logout','Logout de usuario: GA','::1','Mozilla/5.0 (Windows NT 10.0; Win64; x64) AppleWebKit/537.36 (KHTML, like Gecko) Chrome/142.0.0.0 Safari/537.36 Edg/142.0.0.0','2025-11-30 19:38:59','info'),(72,NULL,'login','Intento de login fallido para usuario: admin','::1','Mozilla/5.0 (Windows NT 10.0; Win64; x64) AppleWebKit/537.36 (KHTML, like Gecko) Chrome/142.0.0.0 Safari/537.36 Edg/142.0.0.0','2025-11-30 19:39:00','warning'),(73,10,'login','Login exitoso para usuario: PAPA','::1','Mozilla/5.0 (Windows NT 10.0; Win64; x64) AppleWebKit/537.36 (KHTML, like Gecko) Chrome/142.0.0.0 Safari/537.36 Edg/142.0.0.0','2025-11-30 19:39:09','info'),(74,10,'logout','Logout de usuario: PAPA','::1','Mozilla/5.0 (Windows NT 10.0; Win64; x64) AppleWebKit/537.36 (KHTML, like Gecko) Chrome/142.0.0.0 Safari/537.36 Edg/142.0.0.0','2025-11-30 19:43:45','info'),(75,9,'login','Login exitoso para usuario: PEPE','::1','Mozilla/5.0 (Windows NT 10.0; Win64; x64) AppleWebKit/537.36 (KHTML, like Gecko) Chrome/142.0.0.0 Safari/537.36 Edg/142.0.0.0','2025-11-30 19:44:26','info'),(76,9,'logout','Logout de usuario: PEPE','::1','Mozilla/5.0 (Windows NT 10.0; Win64; x64) AppleWebKit/537.36 (KHTML, like Gecko) Chrome/142.0.0.0 Safari/537.36 Edg/142.0.0.0','2025-11-30 19:45:18','info'),(77,12,'login','Login exitoso para usuario: GA','::1','Mozilla/5.0 (Windows NT 10.0; Win64; x64) AppleWebKit/537.36 (KHTML, like Gecko) Chrome/142.0.0.0 Safari/537.36 Edg/142.0.0.0','2025-11-30 19:45:22','info'),(78,12,'logout','Logout de usuario: GA','::1','Mozilla/5.0 (Windows NT 10.0; Win64; x64) AppleWebKit/537.36 (KHTML, like Gecko) Chrome/142.0.0.0 Safari/537.36 Edg/142.0.0.0','2025-11-30 19:45:49','info'),(79,10,'login','Login exitoso para usuario: PAPA','::1','Mozilla/5.0 (Windows NT 10.0; Win64; x64) AppleWebKit/537.36 (KHTML, like Gecko) Chrome/142.0.0.0 Safari/537.36 Edg/142.0.0.0','2025-11-30 19:45:55','info'),(80,10,'logout','Logout de usuario: PAPA','::1','Mozilla/5.0 (Windows NT 10.0; Win64; x64) AppleWebKit/537.36 (KHTML, like Gecko) Chrome/142.0.0.0 Safari/537.36 Edg/142.0.0.0','2025-11-30 19:46:15','info'),(81,9,'login','Login exitoso para usuario: PEPE','::1','Mozilla/5.0 (Windows NT 10.0; Win64; x64) AppleWebKit/537.36 (KHTML, like Gecko) Chrome/142.0.0.0 Safari/537.36 Edg/142.0.0.0','2025-11-30 19:49:04','info'),(82,9,'logout','Logout de usuario: PEPE','::1','Mozilla/5.0 (Windows NT 10.0; Win64; x64) AppleWebKit/537.36 (KHTML, like Gecko) Chrome/142.0.0.0 Safari/537.36 Edg/142.0.0.0','2025-11-30 19:49:08','info'),(83,9,'login','Login exitoso para usuario: PEPE','::1','Mozilla/5.0 (Windows NT 10.0; Win64; x64) AppleWebKit/537.36 (KHTML, like Gecko) Chrome/142.0.0.0 Safari/537.36 Edg/142.0.0.0','2025-11-30 19:53:26','info'),(84,9,'logout','Logout de usuario: PEPE','::1','Mozilla/5.0 (Windows NT 10.0; Win64; x64) AppleWebKit/537.36 (KHTML, like Gecko) Chrome/142.0.0.0 Safari/537.36 Edg/142.0.0.0','2025-11-30 19:53:35','info'),(85,12,'login','Login exitoso para usuario: GA','::1','Mozilla/5.0 (Windows NT 10.0; Win64; x64) AppleWebKit/537.36 (KHTML, like Gecko) Chrome/142.0.0.0 Safari/537.36 Edg/142.0.0.0','2025-11-30 19:53:39','info'),(86,12,'logout','Logout de usuario: GA','::1','Mozilla/5.0 (Windows NT 10.0; Win64; x64) AppleWebKit/537.36 (KHTML, like Gecko) Chrome/142.0.0.0 Safari/537.36 Edg/142.0.0.0','2025-11-30 19:54:02','info'),(87,10,'login','Login exitoso para usuario: PAPA','::1','Mozilla/5.0 (Windows NT 10.0; Win64; x64) AppleWebKit/537.36 (KHTML, like Gecko) Chrome/142.0.0.0 Safari/537.36 Edg/142.0.0.0','2025-11-30 19:54:07','info'),(88,10,'logout','Logout de usuario: PAPA','::1','Mozilla/5.0 (Windows NT 10.0; Win64; x64) AppleWebKit/537.36 (KHTML, like Gecko) Chrome/142.0.0.0 Safari/537.36 Edg/142.0.0.0','2025-11-30 19:55:03','info'),(89,NULL,'login','Intento de login fallido para usuario: admin','::1','Mozilla/5.0 (Windows NT 10.0; Win64; x64) AppleWebKit/537.36 (KHTML, like Gecko) Chrome/142.0.0.0 Safari/537.36 Edg/142.0.0.0','2025-11-30 19:55:05','warning'),(90,12,'login','Login exitoso para usuario: GA','::1','Mozilla/5.0 (Windows NT 10.0; Win64; x64) AppleWebKit/537.36 (KHTML, like Gecko) Chrome/142.0.0.0 Safari/537.36 Edg/142.0.0.0','2025-11-30 19:55:26','info'),(91,12,'logout','Logout de usuario: GA','::1','Mozilla/5.0 (Windows NT 10.0; Win64; x64) AppleWebKit/537.36 (KHTML, like Gecko) Chrome/142.0.0.0 Safari/537.36 Edg/142.0.0.0','2025-11-30 19:55:43','info'),(92,12,'login','Login exitoso para usuario: GA','::1','Mozilla/5.0 (Windows NT 10.0; Win64; x64) AppleWebKit/537.36 (KHTML, like Gecko) Chrome/142.0.0.0 Safari/537.36 Edg/142.0.0.0','2025-11-30 19:56:58','info'),(93,12,'logout','Logout de usuario: GA','::1','Mozilla/5.0 (Windows NT 10.0; Win64; x64) AppleWebKit/537.36 (KHTML, like Gecko) Chrome/142.0.0.0 Safari/537.36 Edg/142.0.0.0','2025-11-30 19:59:26','info'),(94,9,'login','Login exitoso para usuario: PEPE','::1','Mozilla/5.0 (Windows NT 10.0; Win64; x64) AppleWebKit/537.36 (KHTML, like Gecko) Chrome/142.0.0.0 Safari/537.36 Edg/142.0.0.0','2025-11-30 19:59:31','info'),(95,9,'logout','Logout de usuario: PEPE','::1','Mozilla/5.0 (Windows NT 10.0; Win64; x64) AppleWebKit/537.36 (KHTML, like Gecko) Chrome/142.0.0.0 Safari/537.36 Edg/142.0.0.0','2025-11-30 19:59:47','info'),(96,12,'login','Login exitoso para usuario: GA','::1','Mozilla/5.0 (Windows NT 10.0; Win64; x64) AppleWebKit/537.36 (KHTML, like Gecko) Chrome/142.0.0.0 Safari/537.36 Edg/142.0.0.0','2025-11-30 19:59:51','info'),(97,12,'logout','Logout de usuario: GA','::1','Mozilla/5.0 (Windows NT 10.0; Win64; x64) AppleWebKit/537.36 (KHTML, like Gecko) Chrome/142.0.0.0 Safari/537.36 Edg/142.0.0.0','2025-11-30 19:59:58','info'),(98,9,'login','Login exitoso para usuario: PEPE','::1','Mozilla/5.0 (Windows NT 10.0; Win64; x64) AppleWebKit/537.36 (KHTML, like Gecko) Chrome/142.0.0.0 Safari/537.36 Edg/142.0.0.0','2025-11-30 20:00:02','info'),(99,9,'logout','Logout de usuario: PEPE','::1','Mozilla/5.0 (Windows NT 10.0; Win64; x64) AppleWebKit/537.36 (KHTML, like Gecko) Chrome/142.0.0.0 Safari/537.36 Edg/142.0.0.0','2025-11-30 20:00:06','info'),(100,10,'login','Login exitoso para usuario: PAPA','::1','Mozilla/5.0 (Windows NT 10.0; Win64; x64) AppleWebKit/537.36 (KHTML, like Gecko) Chrome/142.0.0.0 Safari/537.36 Edg/142.0.0.0','2025-11-30 20:00:09','info'),(101,10,'logout','Logout de usuario: PAPA','::1','Mozilla/5.0 (Windows NT 10.0; Win64; x64) AppleWebKit/537.36 (KHTML, like Gecko) Chrome/142.0.0.0 Safari/537.36 Edg/142.0.0.0','2025-11-30 20:00:24','info'),(102,9,'login','Login exitoso para usuario: PEPE','::1','Mozilla/5.0 (Windows NT 10.0; Win64; x64) AppleWebKit/537.36 (KHTML, like Gecko) Chrome/142.0.0.0 Safari/537.36 Edg/142.0.0.0','2025-11-30 20:00:30','info'),(103,9,'logout','Logout de usuario: PEPE','::1','Mozilla/5.0 (Windows NT 10.0; Win64; x64) AppleWebKit/537.36 (KHTML, like Gecko) Chrome/142.0.0.0 Safari/537.36 Edg/142.0.0.0','2025-11-30 20:03:33','info'),(104,9,'login','Login exitoso para usuario: PEPE','::1','Mozilla/5.0 (Windows NT 10.0; Win64; x64) AppleWebKit/537.36 (KHTML, like Gecko) Chrome/142.0.0.0 Safari/537.36 Edg/142.0.0.0','2025-11-30 20:03:38','info'),(105,9,'logout','Logout de usuario: PEPE','::1','Mozilla/5.0 (Windows NT 10.0; Win64; x64) AppleWebKit/537.36 (KHTML, like Gecko) Chrome/142.0.0.0 Safari/537.36 Edg/142.0.0.0','2025-11-30 20:03:40','info'),(106,10,'login','Login exitoso para usuario: PAPA','::1','Mozilla/5.0 (Windows NT 10.0; Win64; x64) AppleWebKit/537.36 (KHTML, like Gecko) Chrome/142.0.0.0 Safari/537.36 Edg/142.0.0.0','2025-11-30 20:03:43','info'),(107,10,'logout','Logout de usuario: PAPA','::1','Mozilla/5.0 (Windows NT 10.0; Win64; x64) AppleWebKit/537.36 (KHTML, like Gecko) Chrome/142.0.0.0 Safari/537.36 Edg/142.0.0.0','2025-11-30 20:04:56','info'),(108,12,'login','Login exitoso para usuario: GA','::1','Mozilla/5.0 (Windows NT 10.0; Win64; x64) AppleWebKit/537.36 (KHTML, like Gecko) Chrome/142.0.0.0 Safari/537.36 Edg/142.0.0.0','2025-11-30 20:06:37','info'),(109,12,'logout','Logout de usuario: GA','::1','Mozilla/5.0 (Windows NT 10.0; Win64; x64) AppleWebKit/537.36 (KHTML, like Gecko) Chrome/142.0.0.0 Safari/537.36 Edg/142.0.0.0','2025-11-30 20:06:49','info'),(110,9,'login','Login exitoso para usuario: PEPE','::1','Mozilla/5.0 (Windows NT 10.0; Win64; x64) AppleWebKit/537.36 (KHTML, like Gecko) Chrome/142.0.0.0 Safari/537.36 Edg/142.0.0.0','2025-11-30 20:06:54','info'),(111,9,'logout','Logout de usuario: PEPE','::1','Mozilla/5.0 (Windows NT 10.0; Win64; x64) AppleWebKit/537.36 (KHTML, like Gecko) Chrome/142.0.0.0 Safari/537.36 Edg/142.0.0.0','2025-11-30 20:07:01','info'),(112,10,'login','Login exitoso para usuario: PAPA','::1','Mozilla/5.0 (Windows NT 10.0; Win64; x64) AppleWebKit/537.36 (KHTML, like Gecko) Chrome/142.0.0.0 Safari/537.36 Edg/142.0.0.0','2025-11-30 20:07:11','info'),(113,10,'logout','Logout de usuario: PAPA','::1','Mozilla/5.0 (Windows NT 10.0; Win64; x64) AppleWebKit/537.36 (KHTML, like Gecko) Chrome/142.0.0.0 Safari/537.36 Edg/142.0.0.0','2025-11-30 20:07:26','info'),(114,12,'login','Login exitoso para usuario: GA','::1','Mozilla/5.0 (Windows NT 10.0; Win64; x64) AppleWebKit/537.36 (KHTML, like Gecko) Chrome/142.0.0.0 Safari/537.36 Edg/142.0.0.0','2025-11-30 20:09:06','info'),(115,12,'logout','Logout de usuario: GA','::1','Mozilla/5.0 (Windows NT 10.0; Win64; x64) AppleWebKit/537.36 (KHTML, like Gecko) Chrome/142.0.0.0 Safari/537.36 Edg/142.0.0.0','2025-11-30 20:10:28','info'),(116,9,'login','Login exitoso para usuario: PEPE','::1','Mozilla/5.0 (Windows NT 10.0; Win64; x64) AppleWebKit/537.36 (KHTML, like Gecko) Chrome/142.0.0.0 Safari/537.36 Edg/142.0.0.0','2025-11-30 20:10:36','info'),(117,9,'logout','Logout de usuario: PEPE','::1','Mozilla/5.0 (Windows NT 10.0; Win64; x64) AppleWebKit/537.36 (KHTML, like Gecko) Chrome/142.0.0.0 Safari/537.36 Edg/142.0.0.0','2025-11-30 20:10:49','info'),(118,9,'login','Login exitoso para usuario: PEPE','::1','Mozilla/5.0 (Windows NT 10.0; Win64; x64) AppleWebKit/537.36 (KHTML, like Gecko) Chrome/142.0.0.0 Safari/537.36 Edg/142.0.0.0','2025-11-30 20:10:59','info'),(119,9,'logout','Logout de usuario: PEPE','::1','Mozilla/5.0 (Windows NT 10.0; Win64; x64) AppleWebKit/537.36 (KHTML, like Gecko) Chrome/142.0.0.0 Safari/537.36 Edg/142.0.0.0','2025-11-30 20:11:02','info'),(120,10,'login','Login exitoso para usuario: PAPA','::1','Mozilla/5.0 (Windows NT 10.0; Win64; x64) AppleWebKit/537.36 (KHTML, like Gecko) Chrome/142.0.0.0 Safari/537.36 Edg/142.0.0.0','2025-11-30 20:11:07','info'),(121,10,'logout','Logout de usuario: PAPA','::1','Mozilla/5.0 (Windows NT 10.0; Win64; x64) AppleWebKit/537.36 (KHTML, like Gecko) Chrome/142.0.0.0 Safari/537.36 Edg/142.0.0.0','2025-11-30 20:15:09','info'),(122,12,'login','Login exitoso para usuario: GA','::1','Mozilla/5.0 (Windows NT 10.0; Win64; x64) AppleWebKit/537.36 (KHTML, like Gecko) Chrome/142.0.0.0 Safari/537.36 Edg/142.0.0.0','2025-11-30 20:15:14','info'),(123,12,'logout','Logout de usuario: GA','::1','Mozilla/5.0 (Windows NT 10.0; Win64; x64) AppleWebKit/537.36 (KHTML, like Gecko) Chrome/142.0.0.0 Safari/537.36 Edg/142.0.0.0','2025-11-30 20:15:20','info'),(124,9,'login','Login exitoso para usuario: PEPE','::1','Mozilla/5.0 (Windows NT 10.0; Win64; x64) AppleWebKit/537.36 (KHTML, like Gecko) Chrome/142.0.0.0 Safari/537.36 Edg/142.0.0.0','2025-11-30 20:15:25','info'),(125,9,'logout','Logout de usuario: PEPE','::1','Mozilla/5.0 (Windows NT 10.0; Win64; x64) AppleWebKit/537.36 (KHTML, like Gecko) Chrome/142.0.0.0 Safari/537.36 Edg/142.0.0.0','2025-11-30 20:15:27','info'),(126,10,'login','Login exitoso para usuario: PAPA','::1','Mozilla/5.0 (Windows NT 10.0; Win64; x64) AppleWebKit/537.36 (KHTML, like Gecko) Chrome/142.0.0.0 Safari/537.36 Edg/142.0.0.0','2025-11-30 20:15:31','info'),(127,10,'logout','Logout de usuario: PAPA','::1','Mozilla/5.0 (Windows NT 10.0; Win64; x64) AppleWebKit/537.36 (KHTML, like Gecko) Chrome/142.0.0.0 Safari/537.36 Edg/142.0.0.0','2025-11-30 20:18:53','info'),(128,12,'login','Login exitoso para usuario: GA','::1','Mozilla/5.0 (Windows NT 10.0; Win64; x64) AppleWebKit/537.36 (KHTML, like Gecko) Chrome/142.0.0.0 Safari/537.36 Edg/142.0.0.0','2025-11-30 20:18:57','info'),(129,12,'logout','Logout de usuario: GA','::1','Mozilla/5.0 (Windows NT 10.0; Win64; x64) AppleWebKit/537.36 (KHTML, like Gecko) Chrome/142.0.0.0 Safari/537.36 Edg/142.0.0.0','2025-11-30 20:22:29','info'),(130,12,'login','Login exitoso para usuario: GA','::1','Mozilla/5.0 (Windows NT 10.0; Win64; x64) AppleWebKit/537.36 (KHTML, like Gecko) Chrome/142.0.0.0 Safari/537.36 Edg/142.0.0.0','2025-11-30 20:24:47','info'),(131,12,'logout','Logout de usuario: GA','::1','Mozilla/5.0 (Windows NT 10.0; Win64; x64) AppleWebKit/537.36 (KHTML, like Gecko) Chrome/142.0.0.0 Safari/537.36 Edg/142.0.0.0','2025-11-30 20:30:18','info'),(132,12,'login','Login exitoso para usuario: GA','::1','Mozilla/5.0 (Windows NT 10.0; Win64; x64) AppleWebKit/537.36 (KHTML, like Gecko) Chrome/142.0.0.0 Safari/537.36 Edg/142.0.0.0','2025-11-30 20:30:25','info'),(133,12,'logout','Logout de usuario: GA','::1','Mozilla/5.0 (Windows NT 10.0; Win64; x64) AppleWebKit/537.36 (KHTML, like Gecko) Chrome/142.0.0.0 Safari/537.36 Edg/142.0.0.0','2025-11-30 20:32:01','info'),(134,12,'login','Login exitoso para usuario: GA','::1','Mozilla/5.0 (Windows NT 10.0; Win64; x64) AppleWebKit/537.36 (KHTML, like Gecko) Chrome/142.0.0.0 Safari/537.36 Edg/142.0.0.0','2025-11-30 20:32:06','info'),(135,12,'logout','Logout de usuario: GA','::1','Mozilla/5.0 (Windows NT 10.0; Win64; x64) AppleWebKit/537.36 (KHTML, like Gecko) Chrome/142.0.0.0 Safari/537.36 Edg/142.0.0.0','2025-11-30 20:32:14','info'),(136,12,'login','Login exitoso para usuario: GA','::1','Mozilla/5.0 (Windows NT 10.0; Win64; x64) AppleWebKit/537.36 (KHTML, like Gecko) Chrome/142.0.0.0 Safari/537.36 Edg/142.0.0.0','2025-11-30 20:36:00','info'),(137,12,'logout','Logout de usuario: GA','::1','Mozilla/5.0 (Windows NT 10.0; Win64; x64) AppleWebKit/537.36 (KHTML, like Gecko) Chrome/142.0.0.0 Safari/537.36 Edg/142.0.0.0','2025-11-30 20:43:22','info'),(138,NULL,'login','Intento de login fallido para usuario: admin','::1','Mozilla/5.0 (Windows NT 10.0; Win64; x64) AppleWebKit/537.36 (KHTML, like Gecko) Chrome/142.0.0.0 Safari/537.36 Edg/142.0.0.0','2025-11-30 20:43:31','warning'),(139,NULL,'login','Intento de login fallido para usuario: ga','::1','Mozilla/5.0 (Windows NT 10.0; Win64; x64) AppleWebKit/537.36 (KHTML, like Gecko) Chrome/142.0.0.0 Safari/537.36 Edg/142.0.0.0','2025-11-30 20:43:36','warning'),(140,12,'login','Login exitoso para usuario: GA','::1','Mozilla/5.0 (Windows NT 10.0; Win64; x64) AppleWebKit/537.36 (KHTML, like Gecko) Chrome/142.0.0.0 Safari/537.36 Edg/142.0.0.0','2025-11-30 20:43:41','info'),(141,12,'logout','Logout de usuario: GA','::1','Mozilla/5.0 (Windows NT 10.0; Win64; x64) AppleWebKit/537.36 (KHTML, like Gecko) Chrome/142.0.0.0 Safari/537.36 Edg/142.0.0.0','2025-11-30 20:43:50','info'),(142,9,'login','Login exitoso para usuario: PEPE','::1','Mozilla/5.0 (Windows NT 10.0; Win64; x64) AppleWebKit/537.36 (KHTML, like Gecko) Chrome/142.0.0.0 Safari/537.36 Edg/142.0.0.0','2025-11-30 20:43:55','info'),(143,9,'logout','Logout de usuario: PEPE','::1','Mozilla/5.0 (Windows NT 10.0; Win64; x64) AppleWebKit/537.36 (KHTML, like Gecko) Chrome/142.0.0.0 Safari/537.36 Edg/142.0.0.0','2025-11-30 20:43:57','info'),(144,12,'login','Login exitoso para usuario: GA','::1','Mozilla/5.0 (Windows NT 10.0; Win64; x64) AppleWebKit/537.36 (KHTML, like Gecko) Chrome/142.0.0.0 Safari/537.36 Edg/142.0.0.0','2025-11-30 20:46:20','info'),(145,12,'logout','Logout de usuario: GA','::1','Mozilla/5.0 (Windows NT 10.0; Win64; x64) AppleWebKit/537.36 (KHTML, like Gecko) Chrome/142.0.0.0 Safari/537.36 Edg/142.0.0.0','2025-11-30 20:46:23','info'),(146,12,'login','Login exitoso para usuario: GA','::1','Mozilla/5.0 (Windows NT 10.0; Win64; x64) AppleWebKit/537.36 (KHTML, like Gecko) Chrome/142.0.0.0 Safari/537.36 Edg/142.0.0.0','2025-11-30 20:46:29','info'),(147,12,'logout','Logout de usuario: GA','::1','Mozilla/5.0 (Windows NT 10.0; Win64; x64) AppleWebKit/537.36 (KHTML, like Gecko) Chrome/142.0.0.0 Safari/537.36 Edg/142.0.0.0','2025-11-30 20:46:31','info'),(148,9,'login','Login exitoso para usuario: PEPE','::1','Mozilla/5.0 (Windows NT 10.0; Win64; x64) AppleWebKit/537.36 (KHTML, like Gecko) Chrome/142.0.0.0 Safari/537.36 Edg/142.0.0.0','2025-11-30 20:46:35','info'),(149,9,'logout','Logout de usuario: PEPE','::1','Mozilla/5.0 (Windows NT 10.0; Win64; x64) AppleWebKit/537.36 (KHTML, like Gecko) Chrome/142.0.0.0 Safari/537.36 Edg/142.0.0.0','2025-11-30 20:49:25','info'),(150,12,'login','Login exitoso para usuario: GA','::1','Mozilla/5.0 (Windows NT 10.0; Win64; x64) AppleWebKit/537.36 (KHTML, like Gecko) Chrome/142.0.0.0 Safari/537.36 Edg/142.0.0.0','2025-11-30 20:50:02','info'),(151,12,'logout','Logout de usuario: GA','::1','Mozilla/5.0 (Windows NT 10.0; Win64; x64) AppleWebKit/537.36 (KHTML, like Gecko) Chrome/142.0.0.0 Safari/537.36 Edg/142.0.0.0','2025-11-30 20:50:03','info'),(152,10,'login','Login exitoso para usuario: PAPA','::1','Mozilla/5.0 (Windows NT 10.0; Win64; x64) AppleWebKit/537.36 (KHTML, like Gecko) Chrome/142.0.0.0 Safari/537.36 Edg/142.0.0.0','2025-11-30 20:50:09','info'),(153,10,'logout','Logout de usuario: PAPA','::1','Mozilla/5.0 (Windows NT 10.0; Win64; x64) AppleWebKit/537.36 (KHTML, like Gecko) Chrome/142.0.0.0 Safari/537.36 Edg/142.0.0.0','2025-11-30 20:51:26','info'),(154,9,'login','Login exitoso para usuario: PEPE','::1','Mozilla/5.0 (Windows NT 10.0; Win64; x64) AppleWebKit/537.36 (KHTML, like Gecko) Chrome/142.0.0.0 Safari/537.36 Edg/142.0.0.0','2025-11-30 20:53:21','info'),(155,9,'logout','Logout de usuario: PEPE','::1','Mozilla/5.0 (Windows NT 10.0; Win64; x64) AppleWebKit/537.36 (KHTML, like Gecko) Chrome/142.0.0.0 Safari/537.36 Edg/142.0.0.0','2025-11-30 20:53:38','info'),(156,10,'login','Login exitoso para usuario: PAPA','::1','Mozilla/5.0 (Windows NT 10.0; Win64; x64) AppleWebKit/537.36 (KHTML, like Gecko) Chrome/142.0.0.0 Safari/537.36 Edg/142.0.0.0','2025-11-30 20:53:42','info'),(157,10,'logout','Logout de usuario: PAPA','::1','Mozilla/5.0 (Windows NT 10.0; Win64; x64) AppleWebKit/537.36 (KHTML, like Gecko) Chrome/142.0.0.0 Safari/537.36 Edg/142.0.0.0','2025-11-30 20:54:00','info'),(158,12,'login','Login exitoso para usuario: GA','::1','Mozilla/5.0 (Windows NT 10.0; Win64; x64) AppleWebKit/537.36 (KHTML, like Gecko) Chrome/142.0.0.0 Safari/537.36 Edg/142.0.0.0','2025-11-30 20:54:05','info'),(159,12,'logout','Logout de usuario: GA','::1','Mozilla/5.0 (Windows NT 10.0; Win64; x64) AppleWebKit/537.36 (KHTML, like Gecko) Chrome/142.0.0.0 Safari/537.36 Edg/142.0.0.0','2025-11-30 20:54:16','info'),(160,12,'login','Login exitoso para usuario: GA','::1','Mozilla/5.0 (Windows NT 10.0; Win64; x64) AppleWebKit/537.36 (KHTML, like Gecko) Chrome/142.0.0.0 Safari/537.36 Edg/142.0.0.0','2025-11-30 20:55:10','info'),(161,12,'logout','Logout de usuario: GA','::1','Mozilla/5.0 (Windows NT 10.0; Win64; x64) AppleWebKit/537.36 (KHTML, like Gecko) Chrome/142.0.0.0 Safari/537.36 Edg/142.0.0.0','2025-11-30 20:56:24','info'),(162,12,'login','Login exitoso para usuario: GA','::1','Mozilla/5.0 (Windows NT 10.0; Win64; x64) AppleWebKit/537.36 (KHTML, like Gecko) Chrome/142.0.0.0 Safari/537.36 Edg/142.0.0.0','2025-11-30 20:57:30','info'),(163,12,'logout','Logout de usuario: GA','::1','Mozilla/5.0 (Windows NT 10.0; Win64; x64) AppleWebKit/537.36 (KHTML, like Gecko) Chrome/142.0.0.0 Safari/537.36 Edg/142.0.0.0','2025-11-30 20:57:56','info'),(164,9,'login','Login exitoso para usuario: PEPE','::1','Mozilla/5.0 (Windows NT 10.0; Win64; x64) AppleWebKit/537.36 (KHTML, like Gecko) Chrome/142.0.0.0 Safari/537.36 Edg/142.0.0.0','2025-11-30 20:58:00','info'),(165,9,'logout','Logout de usuario: PEPE','::1','Mozilla/5.0 (Windows NT 10.0; Win64; x64) AppleWebKit/537.36 (KHTML, like Gecko) Chrome/142.0.0.0 Safari/537.36 Edg/142.0.0.0','2025-11-30 20:58:25','info'),(166,10,'login','Login exitoso para usuario: PAPA','::1','Mozilla/5.0 (Windows NT 10.0; Win64; x64) AppleWebKit/537.36 (KHTML, like Gecko) Chrome/142.0.0.0 Safari/537.36 Edg/142.0.0.0','2025-11-30 20:58:29','info'),(167,10,'logout','Logout de usuario: PAPA','::1','Mozilla/5.0 (Windows NT 10.0; Win64; x64) AppleWebKit/537.36 (KHTML, like Gecko) Chrome/142.0.0.0 Safari/537.36 Edg/142.0.0.0','2025-11-30 20:58:43','info'),(168,NULL,'login','Intento de login fallido para usuario: admin','::1','Mozilla/5.0 (Windows NT 10.0; Win64; x64) AppleWebKit/537.36 (KHTML, like Gecko) Chrome/142.0.0.0 Safari/537.36 Edg/142.0.0.0','2025-11-30 20:58:44','warning'),(169,12,'login','Login exitoso para usuario: GA','::1','Mozilla/5.0 (Windows NT 10.0; Win64; x64) AppleWebKit/537.36 (KHTML, like Gecko) Chrome/142.0.0.0 Safari/537.36 Edg/142.0.0.0','2025-11-30 20:58:47','info'),(170,12,'logout','Logout de usuario: GA','::1','Mozilla/5.0 (Windows NT 10.0; Win64; x64) AppleWebKit/537.36 (KHTML, like Gecko) Chrome/142.0.0.0 Safari/537.36 Edg/142.0.0.0','2025-11-30 21:01:57','info'),(171,9,'login','Login exitoso para usuario: PEPE','::1','Mozilla/5.0 (Windows NT 10.0; Win64; x64) AppleWebKit/537.36 (KHTML, like Gecko) Chrome/142.0.0.0 Safari/537.36 Edg/142.0.0.0','2025-11-30 21:02:01','info'),(172,9,'logout','Logout de usuario: PEPE','::1','Mozilla/5.0 (Windows NT 10.0; Win64; x64) AppleWebKit/537.36 (KHTML, like Gecko) Chrome/142.0.0.0 Safari/537.36 Edg/142.0.0.0','2025-11-30 21:02:13','info'),(173,12,'login','Login exitoso para usuario: GA','::1','Mozilla/5.0 (Windows NT 10.0; Win64; x64) AppleWebKit/537.36 (KHTML, like Gecko) Chrome/142.0.0.0 Safari/537.36 Edg/142.0.0.0','2025-11-30 21:02:16','info'),(174,12,'logout','Logout de usuario: GA','::1','Mozilla/5.0 (Windows NT 10.0; Win64; x64) AppleWebKit/537.36 (KHTML, like Gecko) Chrome/142.0.0.0 Safari/537.36 Edg/142.0.0.0','2025-11-30 21:02:18','info'),(175,9,'login','Login exitoso para usuario: PEPE','::1','Mozilla/5.0 (Windows NT 10.0; Win64; x64) AppleWebKit/537.36 (KHTML, like Gecko) Chrome/142.0.0.0 Safari/537.36 Edg/142.0.0.0','2025-11-30 21:02:23','info'),(176,9,'logout','Logout de usuario: PEPE','::1','Mozilla/5.0 (Windows NT 10.0; Win64; x64) AppleWebKit/537.36 (KHTML, like Gecko) Chrome/142.0.0.0 Safari/537.36 Edg/142.0.0.0','2025-11-30 21:02:27','info'),(177,10,'login','Login exitoso para usuario: PAPA','::1','Mozilla/5.0 (Windows NT 10.0; Win64; x64) AppleWebKit/537.36 (KHTML, like Gecko) Chrome/142.0.0.0 Safari/537.36 Edg/142.0.0.0','2025-11-30 21:02:32','info'),(178,10,'logout','Logout de usuario: PAPA','::1','Mozilla/5.0 (Windows NT 10.0; Win64; x64) AppleWebKit/537.36 (KHTML, like Gecko) Chrome/142.0.0.0 Safari/537.36 Edg/142.0.0.0','2025-12-01 18:53:38','info'),(179,NULL,'login','Intento de login fallido para usuario: ga','::1','Mozilla/5.0 (Windows NT 10.0; Win64; x64) AppleWebKit/537.36 (KHTML, like Gecko) Chrome/142.0.0.0 Safari/537.36 Edg/142.0.0.0','2025-12-01 18:53:43','warning'),(180,12,'login','Login exitoso para usuario: GA','::1','Mozilla/5.0 (Windows NT 10.0; Win64; x64) AppleWebKit/537.36 (KHTML, like Gecko) Chrome/142.0.0.0 Safari/537.36 Edg/142.0.0.0','2025-12-01 18:53:47','info'),(181,12,'logout','Logout de usuario: GA','::1','Mozilla/5.0 (Windows NT 10.0; Win64; x64) AppleWebKit/537.36 (KHTML, like Gecko) Chrome/142.0.0.0 Safari/537.36 Edg/142.0.0.0','2025-12-01 18:54:16','info'),(182,9,'login','Login exitoso para usuario: PEPE','::1','Mozilla/5.0 (Windows NT 10.0; Win64; x64) AppleWebKit/537.36 (KHTML, like Gecko) Chrome/142.0.0.0 Safari/537.36 Edg/142.0.0.0','2025-12-01 18:54:21','info'),(183,9,'logout','Logout de usuario: PEPE','::1','Mozilla/5.0 (Windows NT 10.0; Win64; x64) AppleWebKit/537.36 (KHTML, like Gecko) Chrome/142.0.0.0 Safari/537.36 Edg/142.0.0.0','2025-12-01 18:54:34','info'),(184,10,'login','Login exitoso para usuario: PAPA','::1','Mozilla/5.0 (Windows NT 10.0; Win64; x64) AppleWebKit/537.36 (KHTML, like Gecko) Chrome/142.0.0.0 Safari/537.36 Edg/142.0.0.0','2025-12-01 18:54:39','info'),(185,10,'logout','Logout de usuario: PAPA','::1','Mozilla/5.0 (Windows NT 10.0; Win64; x64) AppleWebKit/537.36 (KHTML, like Gecko) Chrome/142.0.0.0 Safari/537.36 Edg/142.0.0.0','2025-12-01 18:55:53','info'),(186,9,'login','Login exitoso para usuario: PEPE','::1','Mozilla/5.0 (Windows NT 10.0; Win64; x64) AppleWebKit/537.36 (KHTML, like Gecko) Chrome/142.0.0.0 Safari/537.36 Edg/142.0.0.0','2025-12-01 18:56:16','info'),(187,9,'logout','Logout de usuario: PEPE','::1','Mozilla/5.0 (Windows NT 10.0; Win64; x64) AppleWebKit/537.36 (KHTML, like Gecko) Chrome/142.0.0.0 Safari/537.36 Edg/142.0.0.0','2025-12-01 18:56:23','info'),(188,10,'login','Login exitoso para usuario: PAPA','::1','Mozilla/5.0 (Windows NT 10.0; Win64; x64) AppleWebKit/537.36 (KHTML, like Gecko) Chrome/142.0.0.0 Safari/537.36 Edg/142.0.0.0','2025-12-01 18:56:28','info'),(189,10,'logout','Logout de usuario: PAPA','::1','Mozilla/5.0 (Windows NT 10.0; Win64; x64) AppleWebKit/537.36 (KHTML, like Gecko) Chrome/142.0.0.0 Safari/537.36 Edg/142.0.0.0','2025-12-01 18:58:55','info'),(190,12,'login','Login exitoso para usuario: GA','::1','Mozilla/5.0 (Windows NT 10.0; Win64; x64) AppleWebKit/537.36 (KHTML, like Gecko) Chrome/142.0.0.0 Safari/537.36 Edg/142.0.0.0','2025-12-01 18:59:45','info'),(191,12,'logout','Logout de usuario: GA','::1','Mozilla/5.0 (Windows NT 10.0; Win64; x64) AppleWebKit/537.36 (KHTML, like Gecko) Chrome/142.0.0.0 Safari/537.36 Edg/142.0.0.0','2025-12-01 19:00:01','info'),(192,9,'login','Login exitoso para usuario: PEPE','::1','Mozilla/5.0 (Windows NT 10.0; Win64; x64) AppleWebKit/537.36 (KHTML, like Gecko) Chrome/142.0.0.0 Safari/537.36 Edg/142.0.0.0','2025-12-01 19:00:05','info'),(193,9,'logout','Logout de usuario: PEPE','::1','Mozilla/5.0 (Windows NT 10.0; Win64; x64) AppleWebKit/537.36 (KHTML, like Gecko) Chrome/142.0.0.0 Safari/537.36 Edg/142.0.0.0','2025-12-01 19:00:19','info'),(194,10,'login','Login exitoso para usuario: PAPA','::1','Mozilla/5.0 (Windows NT 10.0; Win64; x64) AppleWebKit/537.36 (KHTML, like Gecko) Chrome/142.0.0.0 Safari/537.36 Edg/142.0.0.0','2025-12-01 19:00:25','info'),(195,10,'logout','Logout de usuario: PAPA','::1','Mozilla/5.0 (Windows NT 10.0; Win64; x64) AppleWebKit/537.36 (KHTML, like Gecko) Chrome/142.0.0.0 Safari/537.36 Edg/142.0.0.0','2025-12-01 19:00:44','info'),(196,10,'login','Login exitoso para usuario: PAPA','::1','Mozilla/5.0 (Windows NT 10.0; Win64; x64) AppleWebKit/537.36 (KHTML, like Gecko) Chrome/142.0.0.0 Safari/537.36 Edg/142.0.0.0','2025-12-01 19:04:31','info'),(197,10,'logout','Logout de usuario: PAPA','::1','Mozilla/5.0 (Windows NT 10.0; Win64; x64) AppleWebKit/537.36 (KHTML, like Gecko) Chrome/142.0.0.0 Safari/537.36 Edg/142.0.0.0','2025-12-01 19:09:00','info'),(198,12,'login','Login exitoso para usuario: GA','::1','Mozilla/5.0 (Windows NT 10.0; Win64; x64) AppleWebKit/537.36 (KHTML, like Gecko) Chrome/142.0.0.0 Safari/537.36 Edg/142.0.0.0','2025-12-01 19:09:04','info'),(199,12,'logout','Logout de usuario: GA','::1','Mozilla/5.0 (Windows NT 10.0; Win64; x64) AppleWebKit/537.36 (KHTML, like Gecko) Chrome/142.0.0.0 Safari/537.36 Edg/142.0.0.0','2025-12-01 19:09:12','info'),(200,9,'login','Login exitoso para usuario: PEPE','::1','Mozilla/5.0 (Windows NT 10.0; Win64; x64) AppleWebKit/537.36 (KHTML, like Gecko) Chrome/142.0.0.0 Safari/537.36 Edg/142.0.0.0','2025-12-01 19:09:17','info'),(201,9,'logout','Logout de usuario: PEPE','::1','Mozilla/5.0 (Windows NT 10.0; Win64; x64) AppleWebKit/537.36 (KHTML, like Gecko) Chrome/142.0.0.0 Safari/537.36 Edg/142.0.0.0','2025-12-01 19:09:22','info'),(202,10,'login','Login exitoso para usuario: PAPA','::1','Mozilla/5.0 (Windows NT 10.0; Win64; x64) AppleWebKit/537.36 (KHTML, like Gecko) Chrome/142.0.0.0 Safari/537.36 Edg/142.0.0.0','2025-12-01 19:09:25','info'),(203,10,'logout','Logout de usuario: PAPA','::1','Mozilla/5.0 (Windows NT 10.0; Win64; x64) AppleWebKit/537.36 (KHTML, like Gecko) Chrome/142.0.0.0 Safari/537.36 Edg/142.0.0.0','2025-12-01 19:12:26','info'),(204,12,'login','Login exitoso para usuario: GA','::1','Mozilla/5.0 (Windows NT 10.0; Win64; x64) AppleWebKit/537.36 (KHTML, like Gecko) Chrome/142.0.0.0 Safari/537.36 Edg/142.0.0.0','2025-12-01 19:13:34','info'),(205,12,'logout','Logout de usuario: GA','::1','Mozilla/5.0 (Windows NT 10.0; Win64; x64) AppleWebKit/537.36 (KHTML, like Gecko) Chrome/142.0.0.0 Safari/537.36 Edg/142.0.0.0','2025-12-01 19:53:16','info'),(206,9,'login','Login exitoso para usuario: PEPE','::1','Mozilla/5.0 (Windows NT 10.0; Win64; x64) AppleWebKit/537.36 (KHTML, like Gecko) Chrome/142.0.0.0 Safari/537.36 Edg/142.0.0.0','2025-12-01 19:53:20','info'),(207,9,'logout','Logout de usuario: PEPE','::1','Mozilla/5.0 (Windows NT 10.0; Win64; x64) AppleWebKit/537.36 (KHTML, like Gecko) Chrome/142.0.0.0 Safari/537.36 Edg/142.0.0.0','2025-12-01 20:14:43','info'),(208,12,'login','Login exitoso para usuario: GA','::1','Mozilla/5.0 (Windows NT 10.0; Win64; x64) AppleWebKit/537.36 (KHTML, like Gecko) Chrome/142.0.0.0 Safari/537.36 Edg/142.0.0.0','2025-12-01 20:14:49','info'),(209,12,'venta','Venta registrada - ID: 21, Total: S/ 66','::1','Mozilla/5.0 (Windows NT 10.0; Win64; x64) AppleWebKit/537.36 (KHTML, like Gecko) Chrome/142.0.0.0 Safari/537.36 Edg/142.0.0.0','2025-12-01 20:43:56','info'),(210,12,'logout','Logout de usuario: GA','::1','Mozilla/5.0 (Windows NT 10.0; Win64; x64) AppleWebKit/537.36 (KHTML, like Gecko) Chrome/142.0.0.0 Safari/537.36 Edg/142.0.0.0','2025-12-01 20:50:18','info'),(211,9,'login','Login exitoso para usuario: PEPE','::1','Mozilla/5.0 (Windows NT 10.0; Win64; x64) AppleWebKit/537.36 (KHTML, like Gecko) Chrome/142.0.0.0 Safari/537.36 Edg/142.0.0.0','2025-12-01 20:50:28','info'),(212,9,'logout','Logout de usuario: PEPE','::1','Mozilla/5.0 (Windows NT 10.0; Win64; x64) AppleWebKit/537.36 (KHTML, like Gecko) Chrome/142.0.0.0 Safari/537.36 Edg/142.0.0.0','2025-12-01 20:51:45','info'),(213,10,'login','Login exitoso para usuario: PAPA','::1','Mozilla/5.0 (Windows NT 10.0; Win64; x64) AppleWebKit/537.36 (KHTML, like Gecko) Chrome/142.0.0.0 Safari/537.36 Edg/142.0.0.0','2025-12-01 20:51:50','info'),(214,10,'logout','Logout de usuario: PAPA','::1','Mozilla/5.0 (Windows NT 10.0; Win64; x64) AppleWebKit/537.36 (KHTML, like Gecko) Chrome/142.0.0.0 Safari/537.36 Edg/142.0.0.0','2025-12-01 20:55:07','info'),(215,NULL,'login','Intento de login fallido para usuario: admin','::1','Mozilla/5.0 (Windows NT 10.0; Win64; x64) AppleWebKit/537.36 (KHTML, like Gecko) Chrome/142.0.0.0 Safari/537.36 Edg/142.0.0.0','2025-12-02 20:13:57','warning'),(216,NULL,'login','Intento de login fallido para usuario: admin','::1','Mozilla/5.0 (Windows NT 10.0; Win64; x64) AppleWebKit/537.36 (KHTML, like Gecko) Chrome/142.0.0.0 Safari/537.36 Edg/142.0.0.0','2025-12-02 20:31:30','warning'),(217,NULL,'login','Intento de login fallido para usuario: admin','::1','Mozilla/5.0 (Windows NT 10.0; Win64; x64) AppleWebKit/537.36 (KHTML, like Gecko) Chrome/142.0.0.0 Safari/537.36 Edg/142.0.0.0','2025-12-03 00:06:42','warning'),(218,12,'login','Login exitoso para usuario: GA','::1','Mozilla/5.0 (Windows NT 10.0; Win64; x64) AppleWebKit/537.36 (KHTML, like Gecko) Chrome/142.0.0.0 Safari/537.36 Edg/142.0.0.0','2025-12-03 00:06:46','info'),(219,12,'logout','Logout de usuario: GA','::1','Mozilla/5.0 (Windows NT 10.0; Win64; x64) AppleWebKit/537.36 (KHTML, like Gecko) Chrome/142.0.0.0 Safari/537.36 Edg/142.0.0.0','2025-12-04 19:13:31','info'),(220,NULL,'login','Intento de login fallido para usuario: http://localhost/dashboard/Botica/?route=admin/logs','::1','Mozilla/5.0 (Windows NT 10.0; Win64; x64) AppleWebKit/537.36 (KHTML, like Gecko) Chrome/142.0.0.0 Safari/537.36 Edg/142.0.0.0','2025-12-04 19:13:40','warning'),(221,12,'login','Login exitoso para usuario: GA','::1','Mozilla/5.0 (Windows NT 10.0; Win64; x64) AppleWebKit/537.36 (KHTML, like Gecko) Chrome/142.0.0.0 Safari/537.36 Edg/142.0.0.0','2025-12-04 19:13:44','info'),(222,12,'logout','Logout de usuario: GA','::1','Mozilla/5.0 (Windows NT 10.0; Win64; x64) AppleWebKit/537.36 (KHTML, like Gecko) Chrome/142.0.0.0 Safari/537.36 Edg/142.0.0.0','2025-12-04 20:28:34','info');
/*!40000 ALTER TABLE `logs` ENABLE KEYS */;
UNLOCK TABLES;

--
-- Table structure for table `productos`
--

DROP TABLE IF EXISTS `productos`;
/*!40101 SET @saved_cs_client     = @@character_set_client */;
/*!40101 SET character_set_client = utf8 */;
CREATE TABLE `productos` (
  `id` int(11) NOT NULL AUTO_INCREMENT,
  `nombre` varchar(100) DEFAULT NULL,
  `descripcion` text DEFAULT NULL,
  `precio` decimal(10,2) DEFAULT NULL,
  `imagen` varchar(255) DEFAULT NULL,
  `categoria` varchar(50) DEFAULT NULL,
  `oferta` varchar(50) DEFAULT NULL,
  `cantidad` int(11) DEFAULT 0,
  PRIMARY KEY (`id`)
) ENGINE=InnoDB AUTO_INCREMENT=39 DEFAULT CHARSET=utf8mb4 COLLATE=utf8mb4_general_ci;
/*!40101 SET character_set_client = @saved_cs_client */;

--
-- Dumping data for table `productos`
--

LOCK TABLES `productos` WRITE;
/*!40000 ALTER TABLE `productos` DISABLE KEYS */;
INSERT INTO `productos` VALUES (1,'Paracetamol 500mg','Analgsico y antipirtico para dolor y fiebre.',3.50,'images/paracetamol.jpg','Analgsicos','No',30),(2,'Ibuprofeno 400mg','Antiinflamatorio para dolor muscular y fiebre.',5.00,'images/ibuprofeno.jpg','Antiinflamatorios','Si',16),(3,'Omeprazol 20mg','Protector gstrico para acidez estomacal.',6.50,'images/omeprazol.jpg','Gastrointestinal','No',20),(4,'Amoxicilina 500mg','Antibitico para infecciones comunes.',12.00,'images/amoxicilina.jpg','Antibiticos','No',14),(5,'Loratadina 10mg','Antialrgico para rinitis y picazn.',4.50,'images/loratadina.jpg','Antialrgicos','Si',48),(6,'Suero Oral 500ml','Solucin hidratante para deshidratacin.',3.00,'images/suero.jpg','Hidratantes','No',60),(7,'Alcohol 70% 120ml','Desinfectante general.',2.00,'images/alcohol.jpg','Antispticos','Si',80),(8,'Agua Oxigenada 120ml','Antisptico para heridas.',2.50,'images/agua_oxigenada.jpg','Antispticos','No',70),(9,'Diclofenaco Gel 1%','Gel antiinflamatorio tpico.',7.50,'images/diclofenaco_gel.jpg','Antiinflamatorios','No',35),(10,'Vitamina C 1g','Refuerza el sistema inmunolgico.',6.00,'images/vitamina_c.jpg','Vitaminas','Si',55),(11,'Salbutamol Inhalador','Broncodilatador para crisis asmticas.',22.00,'images/salbutamol.jpg','Respiratorio','No',1),(12,'Acetaminofn Jarabe','Antifebril para nios.',8.50,'images/acetaminofen.jpg','Peditricos','No',20),(13,'Ketoconazol Shampoo','Antifngico para caspa severa.',15.00,'images/ketoconazol.jpg','Dermatolgicos','No',17),(14,'Gasas Estriles x10','Insumos mdicos para curaciones.',4.00,'images/gasas.jpg','Material de curacin','No',100),(15,'Termmetro Digital','Medidor de temperatura corporal.',25.00,'images/termometro.jpg','Equipos mdicos','No',8),(16,'Vendas Elsticas','Para soporte e inmovilizacin ligera.',5.50,'images/vendas.jpg','Material de curacin','Si',40),(17,'Clorfenamina 4mg','Antialrgico para resfriados.',3.00,'images/clorfenamina.jpg','Antialrgicos','No',45),(18,'Pedialyte 500ml','Solucin avanzada para hidratacin.',9.00,'images/pedialyte.jpg','Hidratantes','No',25),(19,'Azitromicina 500mg','Antibitico de amplio espectro.',18.00,'images/azitromicina.jpg','Antibiticos','No',10),(20,'Dicloxacilina 500mg','Antibitico para infecciones de piel.',14.00,'images/dicloxacilina.jpg','Antibiticos','No',5);
/*!40000 ALTER TABLE `productos` ENABLE KEYS */;
UNLOCK TABLES;

--
-- Table structure for table `usuarios`
--

DROP TABLE IF EXISTS `usuarios`;
/*!40101 SET @saved_cs_client     = @@character_set_client */;
/*!40101 SET character_set_client = utf8 */;
CREATE TABLE `usuarios` (
  `id` int(11) NOT NULL AUTO_INCREMENT,
  `nombre` varchar(100) DEFAULT NULL,
  `dni` varchar(8) DEFAULT NULL,
  `edad` int(11) DEFAULT NULL,
  `usuario` varchar(50) DEFAULT NULL,
  `clave` varchar(255) DEFAULT NULL,
  `correo` varchar(100) DEFAULT NULL,
  `genero` varchar(20) DEFAULT NULL,
  `promociones` varchar(10) DEFAULT NULL,
  `direccion` varchar(150) DEFAULT NULL,
  `telefono` varchar(20) DEFAULT NULL,
  `rol` enum('cliente','vendedor','admin') DEFAULT 'cliente',
  PRIMARY KEY (`id`)
) ENGINE=InnoDB AUTO_INCREMENT=13 DEFAULT CHARSET=utf8mb4 COLLATE=utf8mb4_general_ci;
/*!40101 SET character_set_client = @saved_cs_client */;

--
-- Dumping data for table `usuarios`
--

LOCK TABLES `usuarios` WRITE;
/*!40000 ALTER TABLE `usuarios` DISABLE KEYS */;
INSERT INTO `usuarios` VALUES (6,'Jesus Saldaa','76586711',22,'Spectra','$2y$10$4gcHUOkVUeZ.Z2rIQaO63uwnBXp7JUrJ7EGMSaH9SbvMiKvdwr.Ly','jesus2sald@gmail.com','Masculino','no','Orqudeas 160','972466424','cliente'),(7,'Alessandra Salas','71035754',22,'Jiyuu','$2y$10$.XBUiDN38SGTBmTep0XtDerWC10n/Iby3nyqc8gC3QoK3dAobipoW','miraiinikii123@gmail.com','Femenino','no','Jr Miguel Grau 476','953031029','cliente'),(9,'PEPE',NULL,NULL,'PEPE','$2y$10$If47wHQQDVLzeuSyypyavOI6YEXrqUMkC267sYlrkfyWE0Or60.72','PEPE@GMAIL.COM',NULL,NULL,'CALLE 1','789456123','vendedor'),(10,'PAPA',NULL,NULL,'PAPA','$2y$10$.JALiXBKHe.DAJHf5gBgXOKfLoDobfnFHjBJ8bkAXzWXpBhe9UL8y','PAPA@GMAIL.COM',NULL,NULL,'123456789','123456789','cliente'),(11,'PP',NULL,NULL,'PP','$2y$10$VWkT0b4aXVf6KHPHucZN9.F4SlHNDkYce.E9HrwUOtcI9gQ17MdB2','PP@GMAIL.COM',NULL,NULL,'PP','PP','admin'),(12,'GA',NULL,NULL,'GA','$2y$10$Mn/tSFWYzS4V6P3VwDLdHOcDyOnLoDB.g2GP9uuGRE7sO4Dle7hhe',NULL,NULL,NULL,NULL,NULL,'admin');
/*!40000 ALTER TABLE `usuarios` ENABLE KEYS */;
UNLOCK TABLES;

--
-- Table structure for table `ventas`
--

DROP TABLE IF EXISTS `ventas`;
/*!40101 SET @saved_cs_client     = @@character_set_client */;
/*!40101 SET character_set_client = utf8 */;
CREATE TABLE `ventas` (
  `id` int(11) NOT NULL AUTO_INCREMENT,
  `id_usuario` int(11) NOT NULL,
  `fecha` datetime DEFAULT current_timestamp(),
  `total` decimal(10,2) NOT NULL,
  `metodo_entrega` enum('tienda','delivery') DEFAULT 'tienda',
  PRIMARY KEY (`id`),
  KEY `id_usuario` (`id_usuario`),
  CONSTRAINT `ventas_ibfk_1` FOREIGN KEY (`id_usuario`) REFERENCES `usuarios` (`id`)
) ENGINE=InnoDB AUTO_INCREMENT=22 DEFAULT CHARSET=utf8mb4 COLLATE=utf8mb4_general_ci;
/*!40101 SET character_set_client = @saved_cs_client */;

--
-- Dumping data for table `ventas`
--

LOCK TABLES `ventas` WRITE;
/*!40000 ALTER TABLE `ventas` DISABLE KEYS */;
INSERT INTO `ventas` VALUES (16,12,'2025-11-30 19:05:44',61.00,'tienda'),(17,9,'2025-11-30 19:08:18',57.00,'tienda'),(18,10,'2025-11-30 19:09:15',86.00,'tienda'),(19,10,'2025-11-30 19:30:42',92.00,'tienda'),(20,10,'2025-11-30 19:31:04',57.00,'delivery'),(21,12,'2025-12-01 20:43:56',66.00,'tienda');
/*!40000 ALTER TABLE `ventas` ENABLE KEYS */;
UNLOCK TABLES;
/*!40103 SET TIME_ZONE=@OLD_TIME_ZONE */;

/*!40101 SET SQL_MODE=@OLD_SQL_MODE */;
/*!40014 SET FOREIGN_KEY_CHECKS=@OLD_FOREIGN_KEY_CHECKS */;
/*!40014 SET UNIQUE_CHECKS=@OLD_UNIQUE_CHECKS */;
/*!40101 SET CHARACTER_SET_CLIENT=@OLD_CHARACTER_SET_CLIENT */;
/*!40101 SET CHARACTER_SET_RESULTS=@OLD_CHARACTER_SET_RESULTS */;
/*!40101 SET COLLATION_CONNECTION=@OLD_COLLATION_CONNECTION */;
/*!40111 SET SQL_NOTES=@OLD_SQL_NOTES */;

-- Dump completed on 2025-12-04 20:28:53
